{
  "version": "v0.1",
  "computed_at": "2026-07-10T20:42:56",
  "queries_count": 50,
  "system_outputs_count": 1,
  "labeled_count": 1,
  "evaluated_count": 1,
  "missing_outputs": [
    "q002",
    "q003",
    "q004",
    "q005",
    "q006",
    "q007",
    "q008",
    "q009",
    "q010",
    "q011",
    "q012",
    "q013",
    "q014",
    "q015",
    "q016",
    "q017",
    "q018",
    "q019",
    "q020",
    "q021",
    "q022",
    "q023",
    "q024",
    "q025",
    "q026",
    "q027",
    "q028",
    "q029",
    "q030",
    "q031",
    "q032",
    "q033",
    "q034",
    "q035",
    "q036",
    "q037",
    "q038",
    "q039",
    "q040",
    "q041",
    "q042",
    "q043",
    "q044",
    "q045",
    "q046",
    "q047",
    "q048",
    "q049",
    "q050"
  ],
  "missing_labels": [],
  "aggregate": {
    "recall@5_mean": 0.0,
    "recall@5_median": 0.0,
    "recall@5_std": 0.0,
    "precision@5_mean": 0.0,
    "precision@5_median": 0.0,
    "precision@5_std": 0.0,
    "ndcg@5_mean": 0.1968740777898919,
    "ndcg@5_median": 0.1968740777898919,
    "ndcg@5_std": 0.0,
    "success@5_mean": 0.0,
    "success@5_median": 0.0,
    "success@5_std": 0.0,
    "recall@10_mean": 0.0,
    "recall@10_median": 0.0,
    "recall@10_std": 0.0,
    "precision@10_mean": 0.0,
    "precision@10_median": 0.0,
    "precision@10_std": 0.0,
    "ndcg@10_mean": 0.2504569324987902,
    "ndcg@10_median": 0.2504569324987902,
    "ndcg@10_std": 0.0,
    "success@10_mean": 0.0,
    "success@10_median": 0.0,
    "success@10_std": 0.0,
    "recall@20_mean": 0.3333333333333333,
    "recall@20_median": 0.3333333333333333,
    "recall@20_std": 0.0,
    "precision@20_mean": 0.05,
    "precision@20_median": 0.05,
    "precision@20_std": 0.0,
    "ndcg@20_mean": 0.3723852107925276,
    "ndcg@20_median": 0.3723852107925276,
    "ndcg@20_std": 0.0,
    "success@20_mean": 1.0,
    "success@20_median": 1.0,
    "success@20_std": 0.0,
    "map@10_mean": 0.0,
    "map@10_median": 0.0,
    "map@10_std": 0.0,
    "n_queries": 1,
    "n_with_relevant": 1
  },
  "per_query": {
    "q001": {
      "n_relevant": 3,
      "n_graded": 14,
      "n_returned": 30,
      "recall@5": 0.0,
      "precision@5": 0.0,
      "ndcg@5": 0.1968740777898919,
      "success@5": 0.0,
      "recall@10": 0.0,
      "precision@10": 0.0,
      "ndcg@10": 0.2504569324987902,
      "success@10": 0.0,
      "recall@20": 0.3333333333333333,
      "precision@20": 0.05,
      "ndcg@20": 0.3723852107925276,
      "success@20": 1.0,
      "map@10": 0.0
    }
  }
}