{
  "version": "v3.9.7.2",
  "n_queries_in_biencoder": 50,
  "n_queries_with_l2_labels": 25,
  "n_queries_skipped_no_labels": 25,
  "metrics": {
    "ndcg": {
      "mean_biencoder": 0.757221572894911,
      "mean_bge": 0.7191744326798459,
      "mean_diff": -0.03804714021506491
    },
    "recall": {
      "mean_biencoder": 0.6823668749551102,
      "mean_bge": 0.6648235685882744,
      "mean_diff": -0.017543306366835786
    },
    "precision": {
      "mean_biencoder": 0.504,
      "mean_bge": 0.488,
      "mean_diff": -0.016
    }
  },
  "wilcoxon_two_sided": {
    "ndcg": {
      "n_paired": 25,
      "n_nonzero": 25,
      "n_zero": 0,
      "n_pos": 11,
      "n_neg": 14,
      "mean_bi": 0.757221572894911,
      "mean_bge": 0.7191744326798459,
      "mean_diff": -0.03804714021506491,
      "median_diff": -0.02052194053720402,
      "statistic": 127.0,
      "p_value": 0.3525196313858032,
      "significant_05": "False"
    },
    "recall": {
      "n_paired": 25,
      "n_nonzero": 16,
      "n_zero": 9,
      "n_pos": 8,
      "n_neg": 8,
      "mean_bi": 0.6823668749551102,
      "mean_bge": 0.6648235685882744,
      "mean_diff": -0.027411416198180914,
      "median_diff": 0.04545454545454547,
      "statistic": 59.0,
      "p_value": 0.6412697068858548,
      "significant_05": "False"
    },
    "precision": {
      "n_paired": 25,
      "n_nonzero": 16,
      "n_zero": 9,
      "n_pos": 8,
      "n_neg": 8,
      "mean_bi": 0.504,
      "mean_bge": 0.488,
      "mean_diff": -0.025,
      "median_diff": 0.09999999999999998,
      "statistic": 60.0,
      "p_value": 0.6784044563274445,
      "significant_05": "False"
    }
  },
  "per_query_ndcg": {
    "q001": {
      "biencoder": 0.5373170424339118,
      "bge": 0.34583986049643706,
      "delta": -0.1914771819374747
    },
    "q002": {
      "biencoder": 0.9218796044811589,
      "bge": 0.5049828859893818,
      "delta": -0.4168967184917771
    },
    "q003": {
      "biencoder": 0.7090341314077953,
      "bge": 0.8090338845793005,
      "delta": 0.09999975317150522
    },
    "q004": {
      "biencoder": 0.5355079657962521,
      "bge": 0.8853829687576598,
      "delta": 0.3498750029614076
    },
    "q005": {
      "biencoder": 0.7641033585413194,
      "bge": 0.5417059089144329,
      "delta": -0.22239744962688646
    },
    "q006": {
      "biencoder": 0.806460510371448,
      "bge": 0.9498289472583955,
      "delta": 0.14336843688694756
    },
    "q007": {
      "biencoder": 0.7357387513989938,
      "bge": 0.9575861412006988,
      "delta": 0.22184738980170504
    },
    "q008": {
      "biencoder": 0.8487441818516639,
      "bge": 0.9783012898581854,
      "delta": 0.12955710800652154
    },
    "q009": {
      "biencoder": 0.5882363033305738,
      "bge": 0.4954496129133508,
      "delta": -0.09278669041722293
    },
    "q010": {
      "biencoder": 1.0,
      "bge": 0.8097566502852462,
      "delta": -0.19024334971475376
    },
    "q011": {
      "biencoder": 0.884542244434516,
      "bge": 0.8842222191013388,
      "delta": -0.0003200253331772096
    },
    "q012": {
      "biencoder": 0.8349640771155593,
      "bge": 0.4470925975589137,
      "delta": -0.38787147955664564
    },
    "q013": {
      "biencoder": 0.7441251984840153,
      "bge": 0.5043533630385681,
      "delta": -0.2397718354454471
    },
    "q014": {
      "biencoder": 0.8824665955977139,
      "bge": 0.6557995074877249,
      "delta": -0.22666708810998903
    },
    "q015": {
      "biencoder": 0.6507136678945618,
      "bge": 0.8280830839570049,
      "delta": 0.17736941606244316
    },
    "q016": {
      "biencoder": 1.0,
      "bge": 0.8438042492186787,
      "delta": -0.1561957507813213
    },
    "q017": {
      "biencoder": 0.7111098940366243,
      "bge": 0.6263663507902244,
      "delta": -0.08474354324639988
    },
    "q018": {
      "biencoder": 0.690531691788693,
      "bge": 0.6314120617453354,
      "delta": -0.05911963004335763
    },
    "q019": {
      "biencoder": 0.8905202757957813,
      "bge": 0.592136508428792,
      "delta": -0.29838376736698935
    },
    "q020": {
      "biencoder": 0.7442445647210822,
      "bge": 0.8352044177490248,
      "delta": 0.09095985302794252
    },
    "q021": {
      "biencoder": 0.7519173972090982,
      "bge": 0.8240698533530051,
      "delta": 0.07215245614390686
    },
    "q022": {
      "biencoder": 0.6433846815816672,
      "bge": 0.8077777881851735,
      "delta": 0.16439310660350637
    },
    "q023": {
      "biencoder": 0.8353129377017655,
      "bge": 0.8147909971645615,
      "delta": -0.02052194053720402
    },
    "q024": {
      "biencoder": 0.48873110130333347,
      "bge": 0.6591061781283857,
      "delta": 0.1703750768250522
    },
    "q025": {
      "biencoder": 0.7309531450952436,
      "bge": 0.7472734908363289,
      "delta": 0.016320345741085318
    }
  }
}