{
  "config": {
    "objective": "lambdarank",
    "metric": "ndcg",
    "n_estimators": 100,
    "learning_rate": 0.05,
    "num_leaves": 31,
    "min_data_in_leaf": 5,
    "feature_fraction": 0.9,
    "bagging_fraction": 0.8,
    "bagging_freq": 5,
    "label_gain": [
      0,
      1,
      3
    ],
    "random_state": 42,
    "verbose": -1
  },
  "n_queries": 25,
  "n_labeled_pairs": 726,
  "n_folds": 5,
  "cv_aggregate": {
    "mean_ndcg_at_10": 0.732275132828058,
    "std_ndcg_at_10": 0.08004874778018005,
    "mean_recall_at_10": 0.6628308554190907,
    "std_recall_at_10": 0.06335113703230735,
    "mean_precision_at_10": 0.46799999999999997,
    "std_precision_at_10": 0.12039933554633926
  },
  "baseline_aggregate": {
    "mean_ndcg_at_10": 0.7226539964455356,
    "mean_recall_at_10": 0.705116569704805,
    "mean_precision_at_10": 0.49200000000000005
  },
  "feature_importance": {
    "bm25_score": 152.82185779940338,
    "biencoder_score": 282.88601258490235,
    "combined_score": 325.87675339728594,
    "prf_score": 58.5879535458982,
    "log_cite_count": 169.32698865756393,
    "year": 87.52812154125422,
    "is_recent": 1.7763083696365356,
    "has_abstract": 7.330024265870452
  },
  "delta_ndcg_at_10": 0.009621136382522377,
  "delta_recall_at_10": -0.04228571428571426,
  "delta_precision_at_10": -0.024000000000000077,
  "version": "v3.9.7.2",
  "note": "n=50 nominal / n=25 actual (only q001-q025 have L2 labels; q026-q050 skipped)",
  "n_queries_in_combined": 50,
  "n_labeled_queries": 25
}