{
  "n_queries": 25,
  "metrics": {
    "ndcg": {
      "mean_biencoder": 0.7205276042249988,
      "mean_bge": 0.6928369670648535,
      "mean_diff": -0.027690637160145255
    },
    "recall": {
      "mean_biencoder": 0.6682936148818501,
      "mean_bge": 0.6568954966602025,
      "mean_diff": -0.011398118221647643
    },
    "precision": {
      "mean_biencoder": 0.46799999999999997,
      "mean_bge": 0.456,
      "mean_diff": -0.011999999999999997
    }
  },
  "wilcoxon_two_sided": {
    "ndcg": {
      "n_paired": 25,
      "n_nonzero": 25,
      "statistic": 139.0,
      "p_value": 0.5424043536186218
    },
    "recall": {
      "n_paired": 25,
      "n_nonzero": 15,
      "statistic": 55.0,
      "p_value": 0.7759849405835687
    },
    "precision": {
      "n_paired": 25,
      "n_nonzero": 15,
      "statistic": 57.5,
      "p_value": 0.8867696362973289
    }
  },
  "per_query_ndcg": {
    "q001": {
      "biencoder": 0.5373170424339118,
      "bge": 0.34583986049643706,
      "delta": -0.1914771819374747
    },
    "q002": {
      "biencoder": 0.9218796044811589,
      "bge": 0.5049828859893818,
      "delta": -0.4168967184917771
    },
    "q003": {
      "biencoder": 0.7090341314077953,
      "bge": 0.8090338845793005,
      "delta": 0.09999975317150522
    },
    "q004": {
      "biencoder": 0.4385853376292672,
      "bge": 0.7563179804550538,
      "delta": 0.3177326428257866
    },
    "q005": {
      "biencoder": 0.7641033585413194,
      "bge": 0.5417059089144329,
      "delta": -0.22239744962688646
    },
    "q006": {
      "biencoder": 0.6367720705504557,
      "bge": 0.7905828711506446,
      "delta": 0.15381080060018892
    },
    "q007": {
      "biencoder": 0.640950387029443,
      "bge": 0.9575861412006988,
      "delta": 0.3166357541712559
    },
    "q008": {
      "biencoder": 0.8487441818516639,
      "bge": 0.9783012898581854,
      "delta": 0.12955710800652154
    },
    "q009": {
      "biencoder": 0.5882363033305738,
      "bge": 0.4954496129133508,
      "delta": -0.09278669041722293
    },
    "q010": {
      "biencoder": 1.0,
      "bge": 0.8097566502852462,
      "delta": -0.19024334971475376
    },
    "q011": {
      "biencoder": 0.884542244434516,
      "bge": 0.8842222191013388,
      "delta": -0.0003200253331772096
    },
    "q012": {
      "biencoder": 0.8349640771155593,
      "bge": 0.4470925975589137,
      "delta": -0.38787147955664564
    },
    "q013": {
      "biencoder": 0.7441251984840153,
      "bge": 0.5043533630385681,
      "delta": -0.2397718354454471
    },
    "q014": {
      "biencoder": 0.5957746608087068,
      "bge": 0.5774012385090496,
      "delta": -0.018373422299657216
    },
    "q015": {
      "biencoder": 0.5118512240210072,
      "bge": 0.7644622957580531,
      "delta": 0.2526110717370459
    },
    "q016": {
      "biencoder": 1.0,
      "bge": 0.8438042492186787,
      "delta": -0.1561957507813213
    },
    "q017": {
      "biencoder": 0.7111098940366243,
      "bge": 0.6263663507902244,
      "delta": -0.08474354324639988
    },
    "q018": {
      "biencoder": 0.690531691788693,
      "bge": 0.6314120617453354,
      "delta": -0.05911963004335763
    },
    "q019": {
      "biencoder": 0.8905202757957813,
      "bge": 0.592136508428792,
      "delta": -0.29838376736698935
    },
    "q020": {
      "biencoder": 0.6806237765221305,
      "bge": 0.7251585345999846,
      "delta": 0.04453475807785412
    },
    "q021": {
      "biencoder": 0.7519173972090982,
      "bge": 0.7941822390171157,
      "delta": 0.042264841808017484
    },
    "q022": {
      "biencoder": 0.6433846815816672,
      "bge": 0.8077777881851735,
      "delta": 0.16439310660350637
    },
    "q023": {
      "biencoder": 0.8353129377017655,
      "bge": 0.8147909971645615,
      "delta": -0.02052194053720402
    },
    "q024": {
      "biencoder": 0.4219564837745738,
      "bge": 0.5709331568264894,
      "delta": 0.1489766730519156
    },
    "q025": {
      "biencoder": 0.7309531450952436,
      "bge": 0.7472734908363289,
      "delta": 0.016320345741085318
    }
  }
}