{
  "version": "v3.9.10.10-re-eval-v2-comprehensive",
  "n_queries_common": 50,
  "pool_sizes": {
    "v3_9_7_3": {
      "mean": 27.44,
      "median": 30.0,
      "min": 10,
      "max": 39
    },
    "v3_9_10_10": {
      "mean": 187.0,
      "median": 200.5,
      "min": 50,
      "max": 249
    }
  },
  "pool_coverage": {
    "v3_9_7_3": 0.9971098265895953,
    "v3_9_10_10": 0.9248554913294798,
    "delta": -0.0722543352601156
  },
  "intersection_ndcg10": {
    "old_ranking": 0.8340998278665162,
    "new_ranking": 0.7924811352418033,
    "delta": -0.04161869262471285
  },
  "v3_9_7_3_combined_k10": {
    "ndcg_at_k": 0.8098847547260292,
    "recall_at_k": 0.8373751928898988,
    "mean_pool": 27.44,
    "median_pool": 30.0,
    "n_queries": 50
  },
  "v3_9_10_10_combined_k10": {
    "ndcg_at_k": 0.1521528581551165,
    "recall_at_k": 0.2522941468253968,
    "mean_pool": 187.0,
    "median_pool": 200.5,
    "n_queries": 50
  },
  "v3_9_7_3_combined_k30": {
    "ndcg_at_k": 0.9109677857621186,
    "recall_at_k": 1.0,
    "mean_pool": 27.44,
    "median_pool": 30.0,
    "n_queries": 50
  },
  "v3_9_10_10_combined_k30": {
    "ndcg_at_k": 0.2328765430092951,
    "recall_at_k": 0.4026573831261331,
    "mean_pool": 187.0,
    "median_pool": 200.5,
    "n_queries": 50
  },
  "v3_9_7_3_combined_k50": {
    "ndcg_at_k": 0.9109677857621186,
    "recall_at_k": 1.0,
    "mean_pool": 27.44,
    "median_pool": 30.0,
    "n_queries": 50
  },
  "v3_9_10_10_combined_k50": {
    "ndcg_at_k": 0.29726078776605347,
    "recall_at_k": 0.5496479215229215,
    "mean_pool": 187.0,
    "median_pool": 200.5,
    "n_queries": 50
  }
}