{
  "version": "v3.9.10.10-re-eval-v2-comprehensive",
  "n_queries_common": 50,
  "pool_sizes": {
    "v3_9_7_3": {
      "mean": 27.44,
      "median": 30.0,
      "min": 10,
      "max": 39
    },
    "v3_9_10_10": {
      "mean": 162.54,
      "median": 190.0,
      "min": 50,
      "max": 200
    }
  },
  "pool_coverage": {
    "v3_9_7_3": 0.9971098265895953,
    "v3_9_10_10": 0.8959537572254336,
    "delta": -0.10115606936416177
  },
  "intersection_ndcg10": {
    "old_ranking": 0.8237459417592577,
    "new_ranking": 0.8086794531415356,
    "delta": -0.015066488617722196
  },
  "v3_9_7_3_combined_k10": {
    "ndcg_at_k": 0.8098847547260292,
    "recall_at_k": 0.8373751928898988,
    "mean_pool": 27.44,
    "median_pool": 30.0,
    "n_queries": 50
  },
  "v3_9_10_10_combined_k10": {
    "ndcg_at_k": 0.15467877375652037,
    "recall_at_k": 0.24495214099077478,
    "mean_pool": 162.54,
    "median_pool": 190.0,
    "n_queries": 50
  },
  "v3_9_7_3_combined_k30": {
    "ndcg_at_k": 0.9109677857621186,
    "recall_at_k": 1.0,
    "mean_pool": 27.44,
    "median_pool": 30.0,
    "n_queries": 50
  },
  "v3_9_10_10_combined_k30": {
    "ndcg_at_k": 0.2557327234359262,
    "recall_at_k": 0.4715501075383494,
    "mean_pool": 162.54,
    "median_pool": 190.0,
    "n_queries": 50
  },
  "v3_9_7_3_combined_k50": {
    "ndcg_at_k": 0.9109677857621186,
    "recall_at_k": 1.0,
    "mean_pool": 27.44,
    "median_pool": 30.0,
    "n_queries": 50
  },
  "v3_9_10_10_combined_k50": {
    "ndcg_at_k": 0.34638221494787513,
    "recall_at_k": 0.6531221671199275,
    "mean_pool": 162.54,
    "median_pool": 190.0,
    "n_queries": 50
  }
}