{
  "version": "v3.9.0-clean",
  "labels": "labels_clean.json (user spot-checked)",
  "table": {
    "original": {
      "recall@5_mean": 0.07107248307248307,
      "recall@10_mean": 0.18466400266400265,
      "recall@20_mean": 0.5099573237220296,
      "precision@10_mean": 0.18,
      "ndcg@10_mean": 0.3631901264351418,
      "map@10_mean": 0.08913668430335096,
      "success@10_mean": 0.72
    },
    "random": {
      "recall@5_mean": 0.10938338785397608,
      "recall@10_mean": 0.3226910344557403,
      "recall@20_mean": 0.6004519271578095,
      "precision@10_mean": 0.296,
      "ndcg@10_mean": 0.48597826167083624,
      "map@10_mean": 0.16571889644746787,
      "success@10_mean": 0.88
    },
    "bm25": {
      "recall@5_mean": 0.3888660881602058,
      "recall@10_mean": 0.6130251447898507,
      "recall@20_mean": 0.8656274575098104,
      "precision@10_mean": 0.464,
      "ndcg@10_mean": 0.7005639708555758,
      "map@10_mean": 0.46013245149911813,
      "success@10_mean": 1.0
    },
    "biencoder": {
      "recall@5_mean": 0.4561112874054051,
      "recall@10_mean": 0.6850335416217769,
      "recall@20_mean": 0.9077314580843993,
      "precision@10_mean": 0.508,
      "ndcg@10_mean": 0.7986308115816515,
      "map@10_mean": 0.5426141975308642,
      "success@10_mean": 1.0
    },
    "combined": {
      "recall@5_mean": 0.42957200968965675,
      "recall@10_mean": 0.7210937036819389,
      "recall@20_mean": 0.9273871749165866,
      "precision@10_mean": 0.532,
      "ndcg@10_mean": 0.7848449758724614,
      "map@10_mean": 0.5705017636684303,
      "success@10_mean": 1.0
    },
    "prf": {
      "recall@5_mean": 0.3893200394376865,
      "recall@10_mean": 0.5903349069231422,
      "recall@20_mean": 0.8746643813702637,
      "precision@10_mean": 0.436,
      "ndcg@10_mean": 0.6910166582033928,
      "map@10_mean": 0.4794555555555556,
      "success@10_mean": 0.96
    }
  },
  "per_condition": {
    "original": {
      "recall@5_mean": 0.07107248307248307,
      "recall@5_median": 0.06666666666666667,
      "recall@5_std": 0.0864074793898031,
      "precision@5_mean": 0.136,
      "precision@5_median": 0.2,
      "precision@5_std": 0.16041612554021287,
      "ndcg@5_mean": 0.3002045620738325,
      "ndcg@5_median": 0.2765732350040718,
      "ndcg@5_std": 0.21973930045242598,
      "success@5_mean": 0.52,
      "success@5_median": 1.0,
      "success@5_std": 0.5099019513592785,
      "recall@10_mean": 0.18466400266400265,
      "recall@10_median": 0.2222222222222222,
      "recall@10_std": 0.14855195112441227,
      "precision@10_mean": 0.18,
      "precision@10_median": 0.1,
      "precision@10_std": 0.18708286933869706,
      "ndcg@10_mean": 0.3631901264351418,
      "ndcg@10_median": 0.35017406646730576,
      "ndcg@10_std": 0.20626816306039794,
      "success@10_mean": 0.72,
      "success@10_median": 1.0,
      "success@10_std": 0.458257569495584,
      "recall@20_mean": 0.5099573237220296,
      "recall@20_median": 0.5,
      "recall@20_std": 0.2243228384483758,
      "precision@20_mean": 0.22,
      "precision@20_median": 0.2,
      "precision@20_std": 0.17199806200458576,
      "ndcg@20_mean": 0.48374812826927677,
      "ndcg@20_median": 0.48750888136408094,
      "ndcg@20_std": 0.1684591112022684,
      "success@20_mean": 0.92,
      "success@20_median": 1.0,
      "success@20_std": 0.27688746209726917,
      "map@10_mean": 0.08913668430335096,
      "map@10_median": 0.03571428571428571,
      "map@10_std": 0.11849383623661588,
      "n_queries": 25,
      "n_with_relevant": 25
    },
    "random": {
      "recall@5_mean": 0.10938338785397608,
      "recall@5_median": 0.1,
      "recall@5_std": 0.10139047126607591,
      "precision@5_mean": 0.224,
      "precision@5_median": 0.2,
      "precision@5_std": 0.23323807579381203,
      "ndcg@5_mean": 0.4295410366604709,
      "ndcg@5_median": 0.44484466589563804,
      "ndcg@5_std": 0.24533249618445394,
      "success@5_mean": 0.64,
      "success@5_median": 1.0,
      "success@5_std": 0.4898979485566356,
      "recall@10_mean": 0.3226910344557403,
      "recall@10_median": 0.3333333333333333,
      "recall@10_std": 0.18067847701413461,
      "precision@10_mean": 0.296,
      "precision@10_median": 0.2,
      "precision@10_std": 0.22634781495153278,
      "ndcg@10_mean": 0.48597826167083624,
      "ndcg@10_median": 0.5332511406592241,
      "ndcg@10_std": 0.21429940683064677,
      "success@10_mean": 0.88,
      "success@10_median": 1.0,
      "success@10_std": 0.33166247903553997,
      "recall@20_mean": 0.6004519271578095,
      "recall@20_median": 0.6363636363636364,
      "recall@20_std": 0.2420439239269811,
      "precision@20_mean": 0.278,
      "precision@20_median": 0.25,
      "precision@20_std": 0.20416496597931127,
      "ndcg@20_mean": 0.5805727566516009,
      "ndcg@20_median": 0.6103775625660119,
      "ndcg@20_std": 0.1734372296898518,
      "success@20_mean": 0.92,
      "success@20_median": 1.0,
      "success@20_std": 0.27688746209726917,
      "map@10_mean": 0.16571889644746787,
      "map@10_median": 0.14583333333333331,
      "map@10_std": 0.1610552507061085,
      "n_queries": 25,
      "n_with_relevant": 25
    },
    "bm25": {
      "recall@5_mean": 0.3888660881602058,
      "recall@5_median": 0.3333333333333333,
      "recall@5_std": 0.26985388245763103,
      "precision@5_mean": 0.536,
      "precision@5_median": 0.6,
      "precision@5_std": 0.29844039047465853,
      "ndcg@5_mean": 0.7069086693362856,
      "ndcg@5_median": 0.819972692711383,
      "ndcg@5_std": 0.2557311424077157,
      "success@5_mean": 0.92,
      "success@5_median": 1.0,
      "success@5_std": 0.27688746209726917,
      "recall@10_mean": 0.6130251447898507,
      "recall@10_median": 0.5333333333333333,
      "recall@10_std": 0.22422904858853956,
      "precision@10_mean": 0.464,
      "precision@10_median": 0.5,
      "precision@10_std": 0.25146238950056393,
      "ndcg@10_mean": 0.7005639708555758,
      "ndcg@10_median": 0.7741663886122351,
      "ndcg@10_std": 0.2162159546748465,
      "success@10_mean": 1.0,
      "success@10_median": 1.0,
      "success@10_std": 0.0,
      "recall@20_mean": 0.8656274575098104,
      "recall@20_median": 0.8666666666666667,
      "recall@20_std": 0.13233322557460983,
      "precision@20_mean": 0.348,
      "precision@20_median": 0.3,
      "precision@20_std": 0.20180436070610566,
      "ndcg@20_mean": 0.7631328982916579,
      "ndcg@20_median": 0.8238173603417068,
      "ndcg@20_std": 0.1629072388133219,
      "success@20_mean": 1.0,
      "success@20_median": 1.0,
      "success@20_std": 0.0,
      "map@10_mean": 0.46013245149911813,
      "map@10_median": 0.4597619047619047,
      "map@10_std": 0.26099175185399276,
      "n_queries": 25,
      "n_with_relevant": 25
    },
    "biencoder": {
      "recall@5_mean": 0.4561112874054051,
      "recall@5_median": 0.38461538461538464,
      "recall@5_std": 0.22508211272454837,
      "precision@5_mean": 0.6,
      "precision@5_median": 0.6,
      "precision@5_std": 0.23804761428476168,
      "ndcg@5_mean": 0.7895845461577085,
      "ndcg@5_median": 0.777747077360283,
      "ndcg@5_std": 0.1374717375971839,
      "success@5_mean": 1.0,
      "success@5_median": 1.0,
      "success@5_std": 0.0,
      "recall@10_mean": 0.6850335416217769,
      "recall@10_median": 0.6666666666666666,
      "recall@10_std": 0.21657123490424018,
      "precision@10_mean": 0.508,
      "precision@10_median": 0.5,
      "precision@10_std": 0.2691344149924594,
      "ndcg@10_mean": 0.7986308115816515,
      "ndcg@10_median": 0.8225279707634218,
      "ndcg@10_std": 0.12004648685566736,
      "success@10_mean": 1.0,
      "success@10_median": 1.0,
      "success@10_std": 0.0,
      "recall@20_mean": 0.9077314580843993,
      "recall@20_median": 1.0,
      "recall@20_std": 0.11717248091852639,
      "precision@20_mean": 0.364,
      "precision@20_median": 0.35,
      "precision@20_std": 0.21385353243127253,