{
  "version": "v3.9.7.3",
  "n_queries_in_biencoder": 50,
  "n_queries_with_l2_labels": 48,
  "n_queries_skipped_no_labels": 2,
  "label_source": "n50_mixed (q001-q025 real + q026-q050 A2 auto)",
  "metrics": {
    "ndcg": {
      "mean_biencoder": 0.8016105497029774,
      "mean_bge": 0.6952232605895379,
      "mean_diff": -0.10638728911343942
    },
    "recall": {
      "mean_biencoder": 0.7654523240920299,
      "mean_bge": 0.6783059261000437,
      "mean_diff": -0.08714639799198624
    },
    "precision": {
      "mean_biencoder": 0.4979166666666666,
      "mean_bge": 0.45625,
      "mean_diff": -0.041666666666666664
    }
  },
  "wilcoxon_two_sided": {
    "ndcg": {
      "n_paired": 48,
      "n_nonzero": 48,
      "n_zero": 0,
      "n_pos": 12,
      "n_neg": 36,
      "mean_bi": 0.8016105497029774,
      "mean_bge": 0.6952232605895379,
      "mean_diff": -0.10638728911343942,
      "median_diff": -0.10255836189579404,
      "statistic": 270.0,
      "p_value": 0.0008245548419125726,
      "significant_05": "True"
    },
    "recall": {
      "n_paired": 48,
      "n_nonzero": 29,
      "n_zero": 19,
      "n_pos": 9,
      "n_neg": 20,
      "mean_bi": 0.7654523240920299,
      "mean_bge": 0.6783059261000437,
      "mean_diff": -0.14424231391777032,
      "median_diff": -0.16666666666666666,
      "statistic": 123.0,
      "p_value": 0.04094273596479888,
      "significant_05": "True"
    },
    "precision": {
      "n_paired": 48,
      "n_nonzero": 29,
      "n_zero": 19,
      "n_pos": 9,
      "n_neg": 20,
      "mean_bi": 0.4979166666666666,
      "mean_bge": 0.45625,
      "mean_diff": -0.06896551724137931,
      "median_diff": -0.09999999999999998,
      "statistic": 135.5,
      "p_value": 0.07496740096835225,
      "significant_05": "False"
    }
  },
  "per_query_ndcg": {
    "q001": {
      "biencoder": 0.5373170424339118,
      "bge": 0.34583986049643706,
      "delta": -0.1914771819374747
    },
    "q002": {
      "biencoder": 0.9218796044811589,
      "bge": 0.5049828859893818,
      "delta": -0.4168967184917771
    },
    "q003": {
      "biencoder": 0.7090341314077953,
      "bge": 0.8090338845793005,
      "delta": 0.09999975317150522
    },
    "q004": {
      "biencoder": 0.5355079657962521,
      "bge": 0.8853829687576598,
      "delta": 0.3498750029614076
    },
    "q005": {
      "biencoder": 0.7641033585413194,
      "bge": 0.5417059089144329,
      "delta": -0.22239744962688646
    },
    "q006": {
      "biencoder": 0.806460510371448,
      "bge": 0.9498289472583955,
      "delta": 0.14336843688694756
    },
    "q007": {
      "biencoder": 0.7357387513989938,
      "bge": 0.9575861412006988,
      "delta": 0.22184738980170504
    },
    "q008": {
      "biencoder": 0.8487441818516639,
      "bge": 0.9783012898581854,
      "delta": 0.12955710800652154
    },
    "q009": {
      "biencoder": 0.5882363033305738,
      "bge": 0.4954496129133508,
      "delta": -0.09278669041722293
    },
    "q010": {
      "biencoder": 1.0,
      "bge": 0.8097566502852462,
      "delta": -0.19024334971475376
    },
    "q011": {
      "biencoder": 0.884542244434516,
      "bge": 0.8842222191013388,
      "delta": -0.0003200253331772096
    },
    "q012": {
      "biencoder": 0.8349640771155593,
      "bge": 0.4470925975589137,
      "delta": -0.38787147955664564
    },
    "q013": {
      "biencoder": 0.7441251984840153,
      "bge": 0.5043533630385681,
      "delta": -0.2397718354454471
    },
    "q014": {
      "biencoder": 0.8824665955977139,
      "bge": 0.6557995074877249,
      "delta": -0.22666708810998903
    },
    "q015": {
      "biencoder": 0.6507136678945618,
      "bge": 0.8280830839570049,
      "delta": 0.17736941606244316
    },
    "q016": {
      "biencoder": 1.0,
      "bge": 0.8438042492186787,
      "delta": -0.1561957507813213
    },
    "q017": {
      "biencoder": 0.7111098940366243,
      "bge": 0.6263663507902244,
      "delta": -0.08474354324639988
    },
    "q018": {
      "biencoder": 0.690531691788693,
      "bge": 0.6314120617453354,
      "delta": -0.05911963004335763
    },
    "q019": {
      "biencoder": 0.8905202757957813,
      "bge": 0.592136508428792,
      "delta": -0.29838376736698935
    },
    "q020": {
      "biencoder": 0.7442445647210822,
      "bge": 0.8352044177490248,
      "delta": 0.09095985302794252
    },
    "q021": {
      "biencoder": 0.7519173972090982,
      "bge": 0.8240698533530051,
      "delta": 0.07215245614390686
    },
    "q022": {
      "biencoder": 0.6433846815816672,
      "bge": 0.8077777881851735,
      "delta": 0.16439310660350637
    },
    "q023": {
      "biencoder": 0.8353129377017655,
      "bge": 0.8147909971645615,
      "delta": -0.02052194053720402
    },
    "q024": {
      "biencoder": 0.48873110130333347,
      "bge": 0.6591061781283857,
      "delta": 0.1703750768250522
    },
    "q025": {
      "biencoder": 0.7309531450952436,
      "bge": 0.7472734908363289,
      "delta": 0.016320345741085318
    },
    "q026": {
      "biencoder": 0.7549966701405152,
      "bge": 0.48874525896322235,
      "delta": -0.26625141117729284
    },
    "q027": {
      "biencoder": 0.9317389007320027,
      "bge": 0.06608052524347977,
      "delta": -0.865658375488523
    },
    "q028": {
      "biencoder": 1.0,
      "bge": 0.6405162125436114,
      "delta": -0.35948378745638865
    },
    "q029": {
      "biencoder": 0.8384647790422958,
      "bge": 0.6791782262248485,
      "delta": -0.1592865528174473
    },
    "q030": {
      "biencoder": 0.5561658865119617,
      "bge": 0.488261880884378,
      "delta": -0.06790400562758375
    },
    "q031": {
      "biencoder": 0.5157961513527435,
      "bge": 0.42019013722798826,
      "delta": -0.09560601412475522
    },
    "q032": {
      "biencoder": 0.9717859710212602,
      "bge": 0.9470910211381396,
      "delta": -0.024694949883120598
    },
    "q033": {
      "biencoder": 0.8970818501821034,
      "bge": 0.7087962225506369,
      "delta": -0.1882856276314665
    },
    "q034": {
      "biencoder": 0.836179114306529,
      "bge": 0.733620752410735,
      "delta": -0.10255836189579404
    },
    "q035": {
      "biencoder": 0.8900917305098635,
      "bge": 0.8062502433656068,
      "delta": -0.08384148714425665
    },
    "q036": {
      "biencoder": 0.9575861412006988,
      "bge": 0.8182198962070146,
      "delta": -0.13936624499368422
    },
    "q037": {
      "biencoder": 0.7895812392228845,
      "bge": 0.637330290062135,
      "delta": -0.15225094916074944
    },
    "q038": {
      "biencoder": 0.901447006056365,
      "bge": 0.7258303132072528,
      "delta": -0.1756166928491122
    },
    "q039": {
      "biencoder": 1.0,
      "bge": 0.8561426267229884,
      "delta": -0.14385737327701165
    },
    "q040": {
      "biencoder": 0.9260578727597872,
      "bge": 0.7371317422344132,
      "delta": -0.188926130525374
    },
    "q041": {
      "biencoder": 0.5993864447461665,
      "bge": 0.31205198423028313,
      "delta": -0.2873344605158834
    },
    "q044": {
      "biencoder": 0.9813663143971266,
      "bge": 0.5073662462981654,
      "delta": -0.4740000680989612
    },
    "q045": {
      "biencoder": 0.9879596500906199,
      "bge": 0.864926678770536,
      "delta": -0.12303297132008395
    },
    "q046": {
      "biencoder": 1.0,
      "bge": 0.8132299290498207,
      "delta": -0.18677007095017928
    },
    "q047": {
      "biencoder": 0.8899950103287717,
      "bge": 0.7149328333385785,
      "delta": -0.17506217699019322
    },
    "q048": {
      "biencoder": 0.8182198962070146,
      "bge": 0.7450568572775481,
      "delta": -0.07316303892946652
    },
    "q049": {
      "biencoder": 0.8590331472570638,
      "bge": 0.8439854369609956,
      "delta": -0.015047710296068217
    },
    "q050": {
      "biencoder": 0.6438332873043651,
      "bge": 0.8364203763892919,
      "delta": 0.19258708908492683
    }
  }
}