{
  "config": {
    "objective": "lambdarank",
    "metric": "ndcg",
    "n_estimators": 100,
    "learning_rate": 0.05,
    "num_leaves": 31,
    "min_data_in_leaf": 5,
    "feature_fraction": 0.9,
    "bagging_fraction": 0.8,
    "bagging_freq": 5,
    "label_gain": [
      0,
      1,
      3
    ],
    "random_state": 42,
    "verbose": -1
  },
  "n_queries": 25,
  "n_labeled_pairs": 726,
  "n_folds": 5,
  "cv_aggregate": {
    "mean_ndcg_at_10": 0.7192271466673017,
    "std_ndcg_at_10": 0.09590626655286721,
    "mean_recall_at_10": 0.6173680959563314,
    "std_recall_at_10": 0.13135326556148802,
    "mean_precision_at_10": 0.4640000000000001,
    "std_precision_at_10": 0.11689311356961966
  },
  "baseline_aggregate": {
    "mean_ndcg_at_10": 0.7226539964455356,
    "mean_recall_at_10": 0.705116569704805,
    "mean_precision_at_10": 0.49200000000000005
  },
  "feature_importance": {
    "bm25_score": 134.73338220585137,
    "biencoder_score": 298.7700471583754,
    "combined_score": 309.8611484758556,
    "prf_score": 111.89166066776961,
    "log_cite_count": 147.6515796393156,
    "year": 80.12209853492678,
    "is_recent": 1.3660892695188522,
    "has_abstract": 7.115287337079645
  },
  "delta_ndcg_at_10": -0.0034268497782339313,
  "delta_recall_at_10": -0.08774847374847361,
  "delta_precision_at_10": -0.02799999999999997
}