{
  "version": "v0.1",
  "computed_at": "2026-07-12T13:09:09",
  "queries_count": 50,
  "system_outputs_count": 25,
  "labeled_count": 25,
  "evaluated_count": 25,
  "missing_outputs": [
    "q026",
    "q027",
    "q028",
    "q029",
    "q030",
    "q031",
    "q032",
    "q033",
    "q034",
    "q035",
    "q036",
    "q037",
    "q038",
    "q039",
    "q040",
    "q041",
    "q042",
    "q043",
    "q044",
    "q045",
    "q046",
    "q047",
    "q048",
    "q049",
    "q050"
  ],
  "missing_labels": [],
  "aggregate": {
    "recall@5_mean": 0.3881296679928259,
    "recall@5_median": 0.2857142857142857,
    "recall@5_std": 0.27526725369543775,
    "precision@5_mean": 0.544,
    "precision@5_median": 0.6,
    "precision@5_std": 0.3083288287959247,
    "ndcg@5_mean": 0.7320009301953099,
    "ndcg@5_median": 0.76817729587645,
    "ndcg@5_std": 0.24041688812259238,
    "success@5_mean": 0.92,
    "success@5_median": 1.0,
    "success@5_std": 0.27688746209726917,
    "recall@10_mean": 0.5952983729720571,
    "recall@10_median": 0.5714285714285714,
    "recall@10_std": 0.2501042289454797,
    "precision@10_mean": 0.456,
    "precision@10_median": 0.5,
    "precision@10_std": 0.248461935381123,
    "ndcg@10_mean": 0.7041850908841325,
    "ndcg@10_median": 0.7518677598359156,
    "ndcg@10_std": 0.1839993772607377,
    "success@10_mean": 0.96,
    "success@10_median": 1.0,
    "success@10_std": 0.2,
    "recall@20_mean": 0.8732206927575349,
    "recall@20_median": 0.9285714285714286,
    "recall@20_std": 0.1473762102960017,
    "precision@20_mean": 0.368,
    "precision@20_median": 0.4,
    "precision@20_std": 0.2193171219946131,
    "ndcg@20_mean": 0.7758635085968227,
    "ndcg@20_median": 0.8261120849064909,
    "ndcg@20_std": 0.14819150362404404,
    "success@20_mean": 1.0,
    "success@20_median": 1.0,
    "success@20_std": 0.0,
    "map@10_mean": 0.49771507936507936,
    "map@10_median": 0.5,
    "map@10_std": 0.2718971382974474,
    "n_queries": 25,
    "n_with_relevant": 25
  },
  "per_query": {
    "q001": {
      "n_relevant": 2,
      "n_graded": 10,
      "n_returned": 30,
      "recall@5": 0.5,
      "precision@5": 0.2,
      "ndcg@5": 0.545924373236733,
      "success@5": 1.0,
      "recall@10": 0.5,
      "precision@10": 0.1,
      "ndcg@10": 0.40489179961089855,
      "success@10": 1.0,
      "recall@20": 0.5,
      "precision@20": 0.05,
      "ndcg@20": 0.5649036472052804,
      "success@20": 1.0,
      "map@10": 0.5
    },
    "q002": {
      "n_relevant": 3,
      "n_graded": 11,
      "n_returned": 30,
      "recall@5": 1.0,
      "precision@5": 0.6,
      "ndcg@5": 0.7944981616784152,
      "success@5": 1.0,
      "recall@10": 1.0,
      "precision@10": 0.3,
      "ndcg@10": 0.7985083610094872,
      "success@10": 1.0,
      "recall@20": 1.0,
      "precision@20": 0.15,
      "ndcg@20": 0.8443640197159166,
      "success@20": 1.0,
      "map@10": 0.5888888888888889
    },
    "q003": {
      "n_relevant": 2,
      "n_graded": 12,
      "n_returned": 29,
      "recall@5": 0.5,
      "precision@5": 0.2,
      "ndcg@5": 0.76817729587645,
      "success@5": 1.0,
      "recall@10": 1.0,
      "precision@10": 0.2,
      "ndcg@10": 0.7849543072346549,
      "success@10": 1.0,
      "recall@20": 1.0,
      "precision@20": 0.1,
      "ndcg@20": 0.8342561230207373,
      "success@20": 1.0,
      "map@10": 0.6666666666666666
    },
    "q004": {
      "n_relevant": 3,
      "n_graded": 12,
      "n_returned": 30,
      "recall@5": 1.0,
      "precision@5": 0.6,
      "ndcg@5": 0.9238387103352688,
      "success@5": 1.0,
      "recall@10": 1.0,
      "precision@10": 0.3,
      "ndcg@10": 0.7997328342797275,
      "success@10": 1.0,
      "recall@20": 1.0,
      "precision@20": 0.15,
      "ndcg@20": 0.839911648672021,
      "success@20": 1.0,
      "map@10": 1.0
    },
    "q005": {
      "n_relevant": 8,
      "n_graded": 11,
      "n_returned": 30,
      "recall@5": 0.625,
      "precision@5": 1.0,
      "ndcg@5": 1.0,
      "success@5": 1.0,
      "recall@10": 0.875,
      "precision@10": 0.7,
      "ndcg@10": 0.910947304113083,
      "success@10": 1.0,
      "recall@20": 1.0,
      "precision@20": 0.4,
      "ndcg@20": 0.9641283966394596,
      "success@20": 1.0,
      "map@10": 0.80625
    },
    "q006": {
      "n_relevant": 9,
      "n_graded": 15,
      "n_returned": 30,
      "recall@5": 0.5555555555555556,
      "precision@5": 1.0,
      "ndcg@5": 1.0,
      "success@5": 1.0,
      "recall@10": 0.6666666666666666,
      "precision@10": 0.6,
      "ndcg@10": 0.7715391575505727,
      "success@10": 1.0,
      "recall@20": 1.0,
      "precision@20": 0.45,
      "ndcg@20": 0.8773153080542356,
      "success@20": 1.0,
      "map@10": 0.6296296296296297
    },
    "q007": {
      "n_relevant": 25,
      "n_graded": 30,
      "n_returned": 30,
      "recall@5": 0.16,
      "precision@5": 0.8,
      "ndcg@5": 0.934397461243829,
      "success@5": 1.0,
      "recall@10": 0.32,
      "precision@10": 0.8,
      "ndcg@10": 0.924301329451995,
      "success@10": 1.0,
      "recall@20": 0.68,
      "precision@20": 0.85,
      "ndcg@20": 0.9341150635785,
      "success@20": 1.0,
      "map@10": 0.736547619047619
    },
    "q008": {
      "n_relevant": 9,
      "n_graded": 25,
      "n_returned": 30,
      "recall@5": 0.2222222222222222,
      "precision@5": 0.4,
      "ndcg@5": 0.7765732350040719,
      "success@5": 1.0,
      "recall@10": 0.4444444444444444,
      "precision@10": 0.4,
      "ndcg@10": 0.7362979256149246,
      "success@10": 1.0,
      "recall@20": 0.7777777777777778,
      "precision@20": 0.35,
      "ndcg@20": 0.8431539345364869,
      "success@20": 1.0,
      "map@10": 0.30833333333333335
    },
    "q009": {
      "n_relevant": 10,
      "n_graded": 21,
      "n_returned": 30,
      "recall@5": 0.2,
      "precision@5": 0.4,
      "ndcg@5": 0.6887676151990412,
      "success@5": 1.0,
      "recall@10": 0.5,
      "precision@10": 0.5,
      "ndcg@10": 0.6954731445728546,
      "success@10": 1.0,
      "recall@20": 1.0,
      "precision@20": 0.5,
      "ndcg@20": 0.8239233269734133,
      "success@20": 1.0,
      "map@10": 0.3238095238095238
    },
    "q010": {
      "n_relevant": 12,
      "n_graded": 22,
      "n_returned": 30,
      "recall@5": 0.25,
      "precision@5": 0.6,
      "ndcg@5": 0.764817358607021,
      "success@5": 1.0,
      "recall@10": 0.4166666666666667,
      "precision@10": 0.5,
      "ndcg@10": 0.7069418075045586,
      "success@10": 1.0,
      "recall@20": 0.9166666666666666,
      "precision@20": 0.55,
      "ndcg@20": 0.8585761322151566,
      "success@20": 1.0,
      "map@10": 0.30436507936507934
    },
    "q011": {
      "n_relevant": 13,
      "n_graded": 26,
      "n_returned": 30,
      "recall@5": 0.23076923076923078,
      "precision@5": 0.6,
      "ndcg@5": 0.7573857224418385,
      "success@5": 1.0,
      "recall@10": 0.46153846153846156,
      "precision@10": 0.6,
      "ndcg@10": 0.7396237501621153,
      "success@10": 1.0,
      "recall@20": 0.7692307692307693,
      "precision@20": 0.5,
      "ndcg@20": 0.8048843320453386,
      "success@20": 1.0,
      "map@10": 0.36583333333333334
    },
    "q012": {
      "n_relevant": 4,
      "n_graded": 18,
      "n_returned": 29,
      "recall@5": 0.25,
      "precision@5": 0.2,
      "ndcg@5": 0.42382653265366865,
      "success@5": 1.0,
      "recall@10": 0.75,
      "precision@10": 0.3,
      "ndcg@10": 0.5893140062299117,
      "success@10": 1.0,
      "recall@20": 1.0,
      "precision@20": 0.2,
      "ndcg@20": 0.6501828480710212,
      "success@20": 1.0,
      "map@10": 0.18055555555555555
    },
    "q013": {
      "n_relevant": 4,
      "n_graded": 17,
      "n_returned": 30,
      "recall@5": 0.0,
      "precision@5": 0.0,
      "ndcg@5": 0.27222907221580595,
      "success@5": 0.0,
      "recall@10": 0.0,
      "precision@10": 0.0,
      "ndcg@10": 0.35256115349276185,
      "success@10": 0.0,
      "recall@20": 1.0,