{
  "version": "v0.1",
  "computed_at": "2026-07-12T13:09:09",
  "queries_count": 50,
  "system_outputs_count": 25,
  "labeled_count": 25,
  "evaluated_count": 25,
  "missing_outputs": [
    "q026",
    "q027",
    "q028",
    "q029",
    "q030",
    "q031",
    "q032",
    "q033",
    "q034",
    "q035",
    "q036",
    "q037",
    "q038",
    "q039",
    "q040",
    "q041",
    "q042",
    "q043",
    "q044",
    "q045",
    "q046",
    "q047",
    "q048",
    "q049",
    "q050"
  ],
  "missing_labels": [],
  "aggregate": {
    "recall@5_mean": 0.42826835153150944,
    "recall@5_median": 0.35714285714285715,
    "recall@5_std": 0.2596907449690603,
    "precision@5_mean": 0.608,
    "precision@5_median": 0.6,
    "precision@5_std": 0.29709706606876257,
    "ndcg@5_mean": 0.7812161952296612,
    "ndcg@5_median": 0.8613632863224759,
    "ndcg@5_std": 0.20591134934888491,
    "success@5_mean": 0.96,
    "success@5_median": 1.0,
    "success@5_std": 0.2,
    "recall@10_mean": 0.7217437848701006,
    "recall@10_median": 0.7,
    "recall@10_std": 0.20262404710436632,
    "precision@10_mean": 0.544,
    "precision@10_median": 0.5,
    "precision@10_std": 0.27700782179088973,
    "ndcg@10_mean": 0.790286818229852,
    "ndcg@10_median": 0.811556255750495,
    "ndcg@10_std": 0.17428717461197102,
    "success@10_mean": 1.0,
    "success@10_median": 1.0,
    "success@10_std": 0.0,
    "recall@20_mean": 0.9259828896249949,
    "recall@20_median": 1.0,
    "recall@20_std": 0.09918482939926813,
    "precision@20_mean": 0.382,
    "precision@20_median": 0.4,
    "precision@20_std": 0.2226170104312187,
    "ndcg@20_mean": 0.8345781300457813,
    "ndcg@20_median": 0.8798765072269993,
    "ndcg@20_std": 0.1402720300075915,
    "success@20_mean": 1.0,
    "success@20_median": 1.0,
    "success@20_std": 0.0,
    "map@10_mean": 0.5831358906525573,
    "map@10_median": 0.5634920634920635,
    "map@10_std": 0.2560336120034124,
    "n_queries": 25,
    "n_with_relevant": 25
  },
  "per_query": {
    "q001": {
      "n_relevant": 2,
      "n_graded": 10,
      "n_returned": 30,
      "recall@5": 0.0,
      "precision@5": 0.0,
      "ndcg@5": 0.19366182517710176,
      "success@5": 0.0,
      "recall@10": 1.0,
      "precision@10": 0.2,
      "ndcg@10": 0.36698321342537715,
      "success@10": 1.0,
      "recall@20": 1.0,
      "precision@20": 0.1,
      "ndcg@20": 0.48775920980454684,
      "success@20": 1.0,
      "map@10": 0.22619047619047616
    },
    "q002": {
      "n_relevant": 3,
      "n_graded": 11,
      "n_returned": 30,
      "recall@5": 1.0,
      "precision@5": 0.6,
      "ndcg@5": 0.8879149724065322,
      "success@5": 1.0,
      "recall@10": 1.0,
      "precision@10": 0.3,
      "ndcg@10": 0.8241283896175623,
      "success@10": 1.0,
      "recall@20": 1.0,
      "precision@20": 0.15,
      "ndcg@20": 0.9045147241183376,
      "success@20": 1.0,
      "map@10": 0.9166666666666666
    },
    "q003": {
      "n_relevant": 2,
      "n_graded": 12,
      "n_returned": 29,
      "recall@5": 0.5,
      "precision@5": 0.2,
      "ndcg@5": 0.777747077360283,
      "success@5": 1.0,
      "recall@10": 1.0,
      "precision@10": 0.2,
      "ndcg@10": 0.7893033608756995,
      "success@10": 1.0,
      "recall@20": 1.0,
      "precision@20": 0.1,
      "ndcg@20": 0.8736065919573403,
      "success@20": 1.0,
      "map@10": 0.6428571428571428
    },
    "q004": {
      "n_relevant": 3,
      "n_graded": 12,
      "n_returned": 30,
      "recall@5": 1.0,
      "precision@5": 0.6,
      "ndcg@5": 0.9101907216367469,
      "success@5": 1.0,
      "recall@10": 1.0,
      "precision@10": 0.3,
      "ndcg@10": 0.7911391768787159,
      "success@10": 1.0,
      "recall@20": 1.0,
      "precision@20": 0.15,
      "ndcg@20": 0.9384673631868902,
      "success@20": 1.0,
      "map@10": 0.9166666666666666
    },
    "q005": {
      "n_relevant": 8,
      "n_graded": 11,
      "n_returned": 30,
      "recall@5": 0.5,
      "precision@5": 0.8,
      "ndcg@5": 0.934397461243829,
      "success@5": 1.0,
      "recall@10": 0.875,
      "precision@10": 0.7,
      "ndcg@10": 0.9492620802709466,
      "success@10": 1.0,
      "recall@20": 1.0,
      "precision@20": 0.4,
      "ndcg@20": 0.9826596462737838,
      "success@20": 1.0,
      "map@10": 0.7854166666666667
    },
    "q006": {
      "n_relevant": 9,
      "n_graded": 15,
      "n_returned": 30,
      "recall@5": 0.5555555555555556,
      "precision@5": 1.0,
      "ndcg@5": 1.0,
      "success@5": 1.0,
      "recall@10": 0.8888888888888888,
      "precision@10": 0.8,
      "ndcg@10": 0.9565122873643237,
      "success@10": 1.0,
      "recall@20": 1.0,
      "precision@20": 0.45,
      "ndcg@20": 0.9614851946891957,
      "success@20": 1.0,
      "map@10": 0.8261022927689594
    },
    "q007": {
      "n_relevant": 25,
      "n_graded": 30,
      "n_returned": 30,
      "recall@5": 0.2,
      "precision@5": 1.0,
      "ndcg@5": 1.0,
      "success@5": 1.0,
      "recall@10": 0.36,
      "precision@10": 0.9,
      "ndcg@10": 0.9668728882728055,
      "success@10": 1.0,
      "recall@20": 0.68,
      "precision@20": 0.85,
      "ndcg@20": 0.9444333535044885,
      "success@20": 1.0,
      "map@10": 0.89
    },
    "q008": {
      "n_relevant": 9,
      "n_graded": 25,
      "n_returned": 30,
      "recall@5": 0.3333333333333333,
      "precision@5": 0.6,
      "ndcg@5": 0.8613632863224759,
      "success@5": 1.0,
      "recall@10": 0.6666666666666666,
      "precision@10": 0.6,
      "ndcg@10": 0.8691912190717338,
      "success@10": 1.0,
      "recall@20": 0.8888888888888888,
      "precision@20": 0.4,
      "ndcg@20": 0.9436930187838828,
      "success@20": 1.0,
      "map@10": 0.5509259259259259
    },
    "q009": {
      "n_relevant": 10,
      "n_graded": 21,
      "n_returned": 30,
      "recall@5": 0.2,
      "precision@5": 0.4,
      "ndcg@5": 0.6578242262397573,
      "success@5": 1.0,
      "recall@10": 0.4,
      "precision@10": 0.4,
      "ndcg@10": 0.6310607119655409,
      "success@10": 1.0,
      "recall@20": 1.0,
      "precision@20": 0.5,
      "ndcg@20": 0.8182960389012681,
      "success@20": 1.0,
      "map@10": 0.16527777777777777
    },
    "q010": {
      "n_relevant": 12,
      "n_graded": 22,
      "n_returned": 30,
      "recall@5": 0.3333333333333333,
      "precision@5": 0.8,
      "ndcg@5": 0.8930068676327362,
      "success@5": 1.0,
      "recall@10": 0.5833333333333334,
      "precision@10": 0.7,
      "ndcg@10": 0.8566540326054963,
      "success@10": 1.0,
      "recall@20": 0.9166666666666666,
      "precision@20": 0.55,
      "ndcg@20": 0.9086159924181535,
      "success@20": 1.0,
      "map@10": 0.5297619047619049
    },
    "q011": {
      "n_relevant": 13,
      "n_graded": 26,
      "n_returned": 30,
      "recall@5": 0.3076923076923077,
      "precision@5": 0.8,
      "ndcg@5": 0.830419897363192,
      "success@5": 1.0,
      "recall@10": 0.6923076923076923,
      "precision@10": 0.9,
      "ndcg@10": 0.8899541168509599,
      "success@10": 1.0,
      "recall@20": 0.8461538461538461,
      "precision@20": 0.55,
      "ndcg@20": 0.8975255595115783,
      "success@20": 1.0,
      "map@10": 0.7071031746031746
    },
    "q012": {
      "n_relevant": 4,
      "n_graded": 18,
      "n_returned": 29,
      "recall@5": 0.25,
      "precision@5": 0.2,
      "ndcg@5": 0.5794007540328902,
      "success@5": 1.0,
      "recall@10": 1.0,
      "precision@10": 0.4,
      "ndcg@10": 0.811556255750495,
      "success@10": 1.0,
      "recall@20": 1.0,
      "precision@20": 0.2,
      "ndcg@20": 0.8247127674296656,
      "success@20": 1.0,
      "map@10": 0.41547619047619044
    },
    "q013": {
      "n_relevant": 4,
      "n_graded": 17,
      "n_returned": 30,
      "recall@5": 0.25,
      "precision@5": 0.2,
      "ndcg@5": 0.6020852941109803,
      "success@5": 1.0,
      "recall@10": 0.75,
      "precision@10": 0.3,
      "ndcg@10": 0.7353196986766454,
      "success@10": 1.0,
      "recall@20": 1.0,