{
  "version": "v0.1",
  "computed_at": "2026-07-12T13:09:09",
  "queries_count": 50,
  "system_outputs_count": 25,
  "labeled_count": 25,
  "evaluated_count": 25,
  "missing_outputs": [
    "q026",
    "q027",
    "q028",
    "q029",
    "q030",
    "q031",
    "q032",
    "q033",
    "q034",
    "q035",
    "q036",
    "q037",
    "q038",
    "q039",
    "q040",
    "q041",
    "q042",
    "q043",
    "q044",
    "q045",
    "q046",
    "q047",
    "q048",
    "q049",
    "q050"
  ],
  "missing_labels": [],
  "aggregate": {
    "recall@5_mean": 0.4592351624983204,
    "recall@5_median": 0.4,
    "recall@5_std": 0.22275867934742963,
    "precision@5_mean": 0.624,
    "precision@5_median": 0.6,
    "precision@5_std": 0.2602562839459085,
    "ndcg@5_mean": 0.815663860958914,
    "ndcg@5_median": 0.819972692711383,
    "ndcg@5_std": 0.1420296000889209,
    "success@5_mean": 1.0,
    "success@5_median": 1.0,
    "success@5_std": 0.0,
    "recall@10_mean": 0.689614625140941,
    "recall@10_median": 0.6666666666666666,
    "recall@10_std": 0.21345648860806032,
    "precision@10_mean": 0.528,
    "precision@10_median": 0.5,
    "precision@10_std": 0.287981480886069,
    "ndcg@10_mean": 0.8164227465667839,
    "ndcg@10_median": 0.823728407598352,
    "ndcg@10_std": 0.1291045846297769,
    "success@10_mean": 1.0,
    "success@10_median": 1.0,
    "success@10_std": 0.0,
    "recall@20_mean": 0.9074613129560498,
    "recall@20_median": 1.0,
    "recall@20_std": 0.11769861610540701,
    "precision@20_mean": 0.374,
    "precision@20_median": 0.4,
    "precision@20_std": 0.22963739532866448,
    "ndcg@20_mean": 0.8495977613519603,
    "ndcg@20_median": 0.8640791431152971,
    "ndcg@20_std": 0.08939436601571346,
    "success@20_mean": 1.0,
    "success@20_median": 1.0,
    "success@20_std": 0.0,
    "map@10_mean": 0.5749459435626102,
    "map@10_median": 0.57010582010582,
    "map@10_std": 0.24889657437865392,
    "n_queries": 25,
    "n_with_relevant": 25
  },
  "per_query": {
    "q001": {
      "n_relevant": 2,
      "n_graded": 10,
      "n_returned": 30,
      "recall@5": 0.5,
      "precision@5": 0.2,
      "ndcg@5": 0.5156480879692164,
      "success@5": 1.0,
      "recall@10": 1.0,
      "precision@10": 0.2,
      "ndcg@10": 0.5518028735848459,
      "success@10": 1.0,
      "recall@20": 1.0,
      "precision@20": 0.1,
      "ndcg@20": 0.6692573494400811,
      "success@20": 1.0,
      "map@10": 0.29166666666666663
    },
    "q002": {
      "n_relevant": 3,
      "n_graded": 11,
      "n_returned": 30,
      "recall@5": 1.0,
      "precision@5": 0.6,
      "ndcg@5": 0.9238387103352688,
      "success@5": 1.0,
      "recall@10": 1.0,
      "precision@10": 0.3,
      "ndcg@10": 0.8969385081836337,
      "success@10": 1.0,
      "recall@20": 1.0,
      "precision@20": 0.15,
      "ndcg@20": 0.9370263776867426,
      "success@20": 1.0,
      "map@10": 1.0
    },
    "q003": {
      "n_relevant": 2,
      "n_graded": 12,
      "n_returned": 29,
      "recall@5": 0.5,
      "precision@5": 0.2,
      "ndcg@5": 0.777747077360283,
      "success@5": 1.0,
      "recall@10": 0.5,
      "precision@10": 0.1,
      "ndcg@10": 0.7343617105627904,
      "success@10": 1.0,
      "recall@20": 1.0,
      "precision@20": 0.1,
      "ndcg@20": 0.8724962696644297,
      "success@20": 1.0,
      "map@10": 0.5
    },
    "q004": {
      "n_relevant": 3,
      "n_graded": 12,
      "n_returned": 30,
      "recall@5": 0.6666666666666666,
      "precision@5": 0.4,
      "ndcg@5": 0.5668271812320558,
      "success@5": 1.0,
      "recall@10": 0.6666666666666666,
      "precision@10": 0.2,
      "ndcg@10": 0.5670389633941569,
      "success@10": 1.0,
      "recall@20": 1.0,
      "precision@20": 0.15,
      "ndcg@20": 0.6901609950546074,
      "success@20": 1.0,
      "map@10": 0.27777777777777773
    },
    "q005": {
      "n_relevant": 8,
      "n_graded": 11,
      "n_returned": 30,
      "recall@5": 0.5,
      "precision@5": 0.8,
      "ndcg@5": 0.8930068676327362,
      "success@5": 1.0,
      "recall@10": 0.875,
      "precision@10": 0.7,
      "ndcg@10": 0.9205370877882646,
      "success@10": 1.0,
      "recall@20": 1.0,
      "precision@20": 0.4,
      "ndcg@20": 0.9528638944497082,
      "success@20": 1.0,
      "map@10": 0.6875
    },
    "q006": {
      "n_relevant": 9,
      "n_graded": 15,
      "n_returned": 30,
      "recall@5": 0.3333333333333333,
      "precision@5": 0.6,
      "ndcg@5": 0.8613632863224759,
      "success@5": 1.0,
      "recall@10": 0.6666666666666666,
      "precision@10": 0.6,
      "ndcg@10": 0.8400073230612933,
      "success@10": 1.0,
      "recall@20": 1.0,
      "precision@20": 0.45,
      "ndcg@20": 0.9107918674695017,
      "success@20": 1.0,
      "map@10": 0.57010582010582
    },
    "q007": {
      "n_relevant": 25,
      "n_graded": 30,
      "n_returned": 30,
      "recall@5": 0.2,
      "precision@5": 1.0,
      "ndcg@5": 1.0,
      "success@5": 1.0,
      "recall@10": 0.4,
      "precision@10": 1.0,
      "ndcg@10": 1.0,
      "success@10": 1.0,
      "recall@20": 0.76,
      "precision@20": 0.95,
      "ndcg@20": 0.9813466248167776,
      "success@20": 1.0,
      "map@10": 1.0
    },
    "q008": {
      "n_relevant": 9,
      "n_graded": 25,
      "n_returned": 30,
      "recall@5": 0.4444444444444444,
      "precision@5": 0.8,
      "ndcg@5": 0.8930068676327362,
      "success@5": 1.0,
      "recall@10": 0.7777777777777778,
      "precision@10": 0.7,
      "ndcg@10": 0.8878005343539329,
      "success@10": 1.0,
      "recall@20": 0.8888888888888888,
      "precision@20": 0.4,
      "ndcg@20": 0.9342627724415715,
      "success@20": 1.0,
      "map@10": 0.6065255731922399
    },
    "q009": {
      "n_relevant": 10,
      "n_graded": 21,
      "n_returned": 30,
      "recall@5": 0.3,
      "precision@5": 0.6,
      "ndcg@5": 0.7618017901203944,
      "success@5": 1.0,
      "recall@10": 0.3,
      "precision@10": 0.3,
      "ndcg@10": 0.6698914480875249,
      "success@10": 1.0,
      "recall@20": 0.8,
      "precision@20": 0.4,
      "ndcg@20": 0.8086856639608218,
      "success@20": 1.0,
      "map@10": 0.24166666666666664
    },
    "q010": {
      "n_relevant": 12,
      "n_graded": 22,
      "n_returned": 30,
      "recall@5": 0.4166666666666667,
      "precision@5": 1.0,
      "ndcg@5": 1.0,
      "success@5": 1.0,
      "recall@10": 0.75,
      "precision@10": 0.9,
      "ndcg@10": 0.9668728882728055,
      "success@10": 1.0,
      "recall@20": 0.9166666666666666,
      "precision@20": 0.55,
      "ndcg@20": 0.9335918096883357,
      "success@20": 1.0,
      "map@10": 0.89
    },
    "q011": {
      "n_relevant": 13,
      "n_graded": 26,
      "n_returned": 30,
      "recall@5": 0.3076923076923077,
      "precision@5": 0.8,
      "ndcg@5": 0.9269658250786468,
      "success@5": 1.0,
      "recall@10": 0.6153846153846154,
      "precision@10": 0.8,
      "ndcg@10": 0.913406683325887,
      "success@10": 1.0,
      "recall@20": 0.8461538461538461,
      "precision@20": 0.55,
      "ndcg@20": 0.9298724042056316,
      "success@20": 1.0,
      "map@10": 0.6842063492063492
    },
    "q012": {
      "n_relevant": 4,
      "n_graded": 18,
      "n_returned": 29,
      "recall@5": 0.75,
      "precision@5": 0.6,
      "ndcg@5": 0.7979793149825536,
      "success@5": 1.0,
      "recall@10": 1.0,
      "precision@10": 0.4,
      "ndcg@10": 0.8877320592786344,
      "success@10": 1.0,
      "recall@20": 1.0,
      "precision@20": 0.2,
      "ndcg@20": 0.853343074159344,
      "success@20": 1.0,
      "map@10": 0.525
    },
    "q013": {
      "n_relevant": 4,
      "n_graded": 17,
      "n_returned": 30,
      "recall@5": 0.5,
      "precision@5": 0.4,
      "ndcg@5": 0.7403521653031849,
      "success@5": 1.0,
      "recall@10": 0.75,
      "precision@10": 0.3,
      "ndcg@10": 0.7929085765296774,
      "success@10": 1.0,
      "recall@20": 1.0,
      "precision@20": 0.2,
      "ndcg@20": 0.8352829406852724,