{
  "version": "v0.1",
  "computed_at": "2026-07-12T13:09:08",
  "queries_count": 50,
  "system_outputs_count": 25,
  "labeled_count": 25,
  "evaluated_count": 25,
  "missing_outputs": [
    "q026",
    "q027",
    "q028",
    "q029",
    "q030",
    "q031",
    "q032",
    "q033",
    "q034",
    "q035",
    "q036",
    "q037",
    "q038",
    "q039",
    "q040",
    "q041",
    "q042",
    "q043",
    "q044",
    "q045",
    "q046",
    "q047",
    "q048",
    "q049",
    "q050"
  ],
  "missing_labels": [],
  "aggregate": {
    "recall@5_mean": 0.10824221860011334,
    "recall@5_median": 0.1,
    "recall@5_std": 0.10073696730594504,
    "precision@5_mean": 0.224,
    "precision@5_median": 0.2,
    "precision@5_std": 0.23323807579381203,
    "ndcg@5_mean": 0.4252613113657803,
    "ndcg@5_median": 0.44484466589563804,
    "ndcg@5_std": 0.24784045639724397,
    "success@5_mean": 0.64,
    "success@5_median": 1.0,
    "success@5_std": 0.4898979485566356,
    "recall@10_mean": 0.32064540021382126,
    "recall@10_median": 0.3333333333333333,
    "recall@10_std": 0.18225982303022017,
    "precision@10_mean": 0.3,
    "precision@10_median": 0.2,
    "precision@10_std": 0.2345207879911715,
    "ndcg@10_mean": 0.4862206718072749,
    "ndcg@10_median": 0.5332511406592241,
    "ndcg@10_std": 0.21528319939291177,
    "success@10_mean": 0.88,
    "success@10_median": 1.0,
    "success@10_std": 0.33166247903553997,
    "recall@20_mean": 0.601790522927365,
    "recall@20_median": 0.64,
    "recall@20_std": 0.24254088429125226,
    "precision@20_mean": 0.286,
    "precision@20_median": 0.25,
    "precision@20_std": 0.2153098542411223,
    "ndcg@20_mean": 0.5836883618597309,
    "ndcg@20_median": 0.6103775625660119,
    "ndcg@20_std": 0.17280373353195433,
    "success@20_mean": 0.92,
    "success@20_median": 1.0,
    "success@20_std": 0.27688746209726917,
    "map@10_mean": 0.169355007558579,
    "map@10_median": 0.14583333333333331,
    "map@10_std": 0.1716095150380016,
    "n_queries": 25,
    "n_with_relevant": 25
  },
  "per_query": {
    "q001": {
      "n_relevant": 2,
      "n_graded": 10,
      "n_returned": 30,
      "recall@5": 0.0,
      "precision@5": 0.0,
      "ndcg@5": 0.5060783064853832,
      "success@5": 0.0,
      "recall@10": 0.5,
      "precision@10": 0.1,
      "ndcg@10": 0.5707547632563997,
      "success@10": 1.0,
      "recall@20": 0.5,
      "precision@20": 0.05,
      "ndcg@20": 0.6103775625660119,
      "success@20": 1.0,
      "map@10": 0.05555555555555555
    },
    "q002": {
      "n_relevant": 3,
      "n_graded": 11,
      "n_returned": 30,
      "recall@5": 0.0,
      "precision@5": 0.0,
      "ndcg@5": 0.12421371338458446,
      "success@5": 0.0,
      "recall@10": 0.0,
      "precision@10": 0.0,
      "ndcg@10": 0.14789700411870774,
      "success@10": 0.0,
      "recall@20": 0.0,
      "precision@20": 0.0,
      "ndcg@20": 0.21726399572793886,
      "success@20": 0.0,
      "map@10": 0.0
    },
    "q003": {
      "n_relevant": 2,
      "n_graded": 12,
      "n_returned": 29,
      "recall@5": 0.0,
      "precision@5": 0.0,
      "ndcg@5": 0.08447695052975514,
      "success@5": 0.0,
      "recall@10": 0.0,
      "precision@10": 0.0,
      "ndcg@10": 0.06265341172228864,
      "success@10": 0.0,
      "recall@20": 0.5,
      "precision@20": 0.05,
      "ndcg@20": 0.2790333396841165,
      "success@20": 1.0,
      "map@10": 0.0
    },
    "q004": {
      "n_relevant": 3,
      "n_graded": 12,
      "n_returned": 30,
      "recall@5": 0.0,
      "precision@5": 0.0,
      "ndcg@5": 0.08478905019642409,
      "success@5": 0.0,
      "recall@10": 0.3333333333333333,
      "precision@10": 0.1,
      "ndcg@10": 0.2934508378985367,
      "success@10": 1.0,
      "recall@20": 0.6666666666666666,
      "precision@20": 0.1,
      "ndcg@20": 0.3857815194011794,
      "success@20": 1.0,
      "map@10": 0.03333333333333333
    },
    "q005": {
      "n_relevant": 8,
      "n_graded": 11,
      "n_returned": 30,
      "recall@5": 0.0,
      "precision@5": 0.0,
      "ndcg@5": 0.0,
      "success@5": 0.0,
      "recall@10": 0.125,
      "precision@10": 0.1,
      "ndcg@10": 0.07425302840123006,
      "success@10": 1.0,
      "recall@20": 0.75,
      "precision@20": 0.3,
      "ndcg@20": 0.3896232848071508,
      "success@20": 1.0,
      "map@10": 0.015625
    },
    "q006": {
      "n_relevant": 9,
      "n_graded": 15,
      "n_returned": 30,
      "recall@5": 0.0,
      "precision@5": 0.0,
      "ndcg@5": 0.319972692711383,
      "success@5": 0.0,
      "recall@10": 0.2222222222222222,
      "precision@10": 0.2,
      "ndcg@10": 0.37121094094799906,
      "success@10": 1.0,
      "recall@20": 0.5555555555555556,
      "precision@20": 0.25,
      "ndcg@20": 0.5057437934125194,
      "success@20": 1.0,
      "map@10": 0.05026455026455026
    },
    "q007": {
      "n_relevant": 25,
      "n_graded": 30,
      "n_returned": 30,
      "recall@5": 0.12,
      "precision@5": 0.6,
      "ndcg@5": 0.849607409925425,
      "success@5": 1.0,
      "recall@10": 0.32,
      "precision@10": 0.8,
      "ndcg@10": 0.9024054996046694,
      "success@10": 1.0,
      "recall@20": 0.64,
      "precision@20": 0.8,
      "ndcg@20": 0.8980128434449935,
      "success@20": 1.0,
      "map@10": 0.6458730158730158
    },
    "q008": {
      "n_relevant": 9,
      "n_graded": 25,
      "n_returned": 30,
      "recall@5": 0.1111111111111111,
      "precision@5": 0.2,
      "ndcg@5": 0.4925683638348177,
      "success@5": 1.0,
      "recall@10": 0.1111111111111111,
      "precision@10": 0.1,
      "ndcg@10": 0.4772311767167572,
      "success@10": 1.0,
      "recall@20": 0.5555555555555556,
      "precision@20": 0.25,
      "ndcg@20": 0.6459999415209888,
      "success@20": 1.0,
      "map@10": 0.022222222222222223
    },
    "q009": {
      "n_relevant": 10,
      "n_graded": 21,
      "n_returned": 30,
      "recall@5": 0.1,
      "precision@5": 0.2,
      "ndcg@5": 0.40777831251641367,
      "success@5": 1.0,
      "recall@10": 0.5,
      "precision@10": 0.5,
      "ndcg@10": 0.5372903784169164,
      "success@10": 1.0,
      "recall@20": 0.8,
      "precision@20": 0.4,
      "ndcg@20": 0.640302658278653,
      "success@20": 1.0,
      "map@10": 0.18051587301587302
    },
    "q010": {
      "n_relevant": 12,
      "n_graded": 22,
      "n_returned": 30,
      "recall@5": 0.08333333333333333,
      "precision@5": 0.2,
      "ndcg@5": 0.23518264139297895,
      "success@5": 1.0,
      "recall@10": 0.4166666666666667,
      "precision@10": 0.5,
      "ndcg@10": 0.43743164318361494,
      "success@10": 1.0,
      "recall@20": 0.6666666666666666,
      "precision@20": 0.4,
      "ndcg@20": 0.5551225718850323,
      "success@20": 1.0,
      "map@10": 0.2095238095238095
    },
    "q011": {
      "n_relevant": 13,
      "n_graded": 26,
      "n_returned": 30,
      "recall@5": 0.15384615384615385,
      "precision@5": 0.4,
      "ndcg@5": 0.5922216874835864,
      "success@5": 1.0,
      "recall@10": 0.3076923076923077,
      "precision@10": 0.4,
      "ndcg@10": 0.5855839362758176,
      "success@10": 1.0,
      "recall@20": 0.6923076923076923,
      "precision@20": 0.45,
      "ndcg@20": 0.7132777670346575,
      "success@20": 1.0,
      "map@10": 0.22333333333333333
    },
    "q012": {
      "n_relevant": 4,
      "n_graded": 18,
      "n_returned": 29,
      "recall@5": 0.25,
      "precision@5": 0.2,
      "ndcg@5": 0.44113388284068555,
      "success@5": 1.0,
      "recall@10": 0.25,
      "precision@10": 0.1,
      "ndcg@10": 0.47578127386563845,
      "success@10": 1.0,
      "recall@20": 0.25,
      "precision@20": 0.05,
      "ndcg@20": 0.48213133266713465,
      "success@20": 1.0,
      "map@10": 0.08333333333333333
    },
    "q013": {
      "n_relevant": 4,
      "n_graded": 17,
      "n_returned": 30,
      "recall@5": 0.25,
      "precision@5": 0.2,
      "ndcg@5": 0.14041677439671904,
      "success@5": 1.0,
      "recall@10": 0.25,