{
  "version": "v0.1",
  "computed_at": "2026-07-12T13:09:08",
  "queries_count": 50,
  "system_outputs_count": 25,
  "labeled_count": 25,
  "evaluated_count": 25,
  "missing_outputs": [
    "q026",
    "q027",
    "q028",
    "q029",
    "q030",
    "q031",
    "q032",
    "q033",
    "q034",
    "q035",
    "q036",
    "q037",
    "q038",
    "q039",
    "q040",
    "q041",
    "q042",
    "q043",
    "q044",
    "q045",
    "q046",
    "q047",
    "q048",
    "q049",
    "q050"
  ],
  "missing_labels": [],
  "aggregate": {
    "recall@5_mean": 0.3877718795824059,
    "recall@5_median": 0.3333333333333333,
    "recall@5_std": 0.2707780183982031,
    "precision@5_mean": 0.544,
    "precision@5_median": 0.6,
    "precision@5_std": 0.3028751117760146,
    "ndcg@5_mean": 0.7134267428511395,
    "ndcg@5_median": 0.819972692711383,
    "ndcg@5_std": 0.2534562130530608,
    "success@5_mean": 0.92,
    "success@5_median": 1.0,
    "success@5_std": 0.27688746209726917,
    "recall@10_mean": 0.6115230021440548,
    "recall@10_median": 0.5333333333333333,
    "recall@10_std": 0.22934251996681446,
    "precision@10_mean": 0.472,
    "precision@10_median": 0.5,
    "precision@10_std": 0.2590366769397724,
    "ndcg@10_mean": 0.7023419318821306,
    "ndcg@10_median": 0.7741663886122351,
    "ndcg@10_std": 0.21407219868403835,
    "success@10_mean": 1.0,
    "success@10_median": 1.0,
    "success@10_std": 0.0,
    "recall@20_mean": 0.8649367100735522,
    "recall@20_median": 0.8666666666666667,
    "recall@20_std": 0.133505880321826,
    "precision@20_mean": 0.356,
    "precision@20_median": 0.35,
    "precision@20_std": 0.20982135258357287,
    "ndcg@20_mean": 0.7644717870185584,
    "ndcg@20_median": 0.8238173603417068,
    "ndcg@20_std": 0.1638179087257944,
    "success@20_mean": 1.0,
    "success@20_median": 1.0,
    "success@20_std": 0.0,
    "map@10_mean": 0.46569792768959434,
    "map@10_median": 0.4597619047619047,
    "map@10_std": 0.2715765206294418,
    "n_queries": 25,
    "n_with_relevant": 25
  },
  "per_query": {
    "q001": {
      "n_relevant": 2,
      "n_graded": 10,
      "n_returned": 30,
      "recall@5": 0.5,
      "precision@5": 0.2,
      "ndcg@5": 0.2725704145569316,
      "success@5": 1.0,
      "recall@10": 0.5,
      "precision@10": 0.1,
      "ndcg@10": 0.25984548465014096,
      "success@10": 1.0,
      "recall@20": 1.0,
      "precision@20": 0.1,
      "ndcg@20": 0.4658098506263291,
      "success@20": 1.0,
      "map@10": 0.125
    },
    "q002": {
      "n_relevant": 3,
      "n_graded": 11,
      "n_returned": 30,
      "recall@5": 1.0,
      "precision@5": 0.6,
      "ndcg@5": 0.8277338628955622,
      "success@5": 1.0,
      "recall@10": 1.0,
      "precision@10": 0.3,
      "ndcg@10": 0.8189614191217116,
      "success@10": 1.0,
      "recall@20": 1.0,
      "precision@20": 0.15,
      "ndcg@20": 0.8544515005643951,
      "success@20": 1.0,
      "map@10": 0.7555555555555555
    },
    "q003": {
      "n_relevant": 2,
      "n_graded": 12,
      "n_returned": 29,
      "recall@5": 0.5,
      "precision@5": 0.2,
      "ndcg@5": 0.777747077360283,
      "success@5": 1.0,
      "recall@10": 1.0,
      "precision@10": 0.2,
      "ndcg@10": 0.6790093889516107,
      "success@10": 1.0,
      "recall@20": 1.0,
      "precision@20": 0.1,
      "ndcg@20": 0.7716771895087619,
      "success@20": 1.0,
      "map@10": 0.625
    },
    "q004": {
      "n_relevant": 3,
      "n_graded": 12,
      "n_returned": 30,
      "recall@5": 1.0,
      "precision@5": 0.6,
      "ndcg@5": 0.9238387103352688,
      "success@5": 1.0,
      "recall@10": 1.0,
      "precision@10": 0.3,
      "ndcg@10": 0.8015255062253668,
      "success@10": 1.0,
      "recall@20": 1.0,
      "precision@20": 0.15,
      "ndcg@20": 0.8760161933819639,
      "success@20": 1.0,
      "map@10": 1.0
    },
    "q005": {
      "n_relevant": 8,
      "n_graded": 11,
      "n_returned": 30,
      "recall@5": 0.5,
      "precision@5": 0.8,
      "ndcg@5": 0.934397461243829,
      "success@5": 1.0,
      "recall@10": 0.875,
      "precision@10": 0.7,
      "ndcg@10": 0.954471964081452,
      "success@10": 1.0,
      "recall@20": 1.0,
      "precision@20": 0.4,
      "ndcg@20": 0.9877039346154652,
      "success@20": 1.0,
      "map@10": 0.8206845238095237
    },
    "q006": {
      "n_relevant": 9,
      "n_graded": 15,
      "n_returned": 30,
      "recall@5": 0.5555555555555556,
      "precision@5": 1.0,
      "ndcg@5": 1.0,
      "success@5": 1.0,
      "recall@10": 0.7777777777777778,
      "precision@10": 0.7,
      "ndcg@10": 0.8878005343539329,
      "success@10": 1.0,
      "recall@20": 1.0,
      "precision@20": 0.45,
      "ndcg@20": 0.9506647897286228,
      "success@20": 1.0,
      "map@10": 0.7372134038800705
    },
    "q007": {
      "n_relevant": 25,
      "n_graded": 30,
      "n_returned": 30,
      "recall@5": 0.16,
      "precision@5": 0.8,
      "ndcg@5": 0.9269658250786468,
      "success@5": 1.0,
      "recall@10": 0.32,
      "precision@10": 0.8,
      "ndcg@10": 0.9207954237157489,
      "success@10": 1.0,
      "recall@20": 0.64,
      "precision@20": 0.8,
      "ndcg@20": 0.9147901205757486,
      "success@20": 1.0,
      "map@10": 0.7254365079365078
    },
    "q008": {
      "n_relevant": 9,
      "n_graded": 25,
      "n_returned": 30,
      "recall@5": 0.3333333333333333,
      "precision@5": 0.6,
      "ndcg@5": 0.8613632863224759,
      "success@5": 1.0,
      "recall@10": 0.4444444444444444,
      "precision@10": 0.4,
      "ndcg@10": 0.7944886548469704,
      "success@10": 1.0,
      "recall@20": 0.7777777777777778,
      "precision@20": 0.35,
      "ndcg@20": 0.8590280780960087,
      "success@20": 1.0,
      "map@10": 0.3888888888888889
    },
    "q009": {
      "n_relevant": 10,
      "n_graded": 21,
      "n_returned": 30,
      "recall@5": 0.2,
      "precision@5": 0.4,
      "ndcg@5": 0.650392590074575,
      "success@5": 1.0,
      "recall@10": 0.6,
      "precision@10": 0.6,
      "ndcg@10": 0.7068744892750183,
      "success@10": 1.0,
      "recall@20": 0.8,
      "precision@20": 0.4,
      "ndcg@20": 0.7750439488521547,
      "success@20": 1.0,
      "map@10": 0.30297619047619045
    },
    "q010": {
      "n_relevant": 12,
      "n_graded": 22,
      "n_returned": 30,
      "recall@5": 0.25,
      "precision@5": 0.6,
      "ndcg@5": 0.764817358607021,
      "success@5": 1.0,
      "recall@10": 0.4166666666666667,
      "precision@10": 0.5,
      "ndcg@10": 0.7016923897142572,
      "success@10": 1.0,
      "recall@20": 0.9166666666666666,
      "precision@20": 0.55,
      "ndcg@20": 0.8369002777081503,
      "success@20": 1.0,
      "map@10": 0.29166666666666663
    },
    "q011": {
      "n_relevant": 13,
      "n_graded": 26,
      "n_returned": 30,
      "recall@5": 0.23076923076923078,
      "precision@5": 0.6,
      "ndcg@5": 0.819972692711383,
      "success@5": 1.0,
      "recall@10": 0.6153846153846154,
      "precision@10": 0.8,
      "ndcg@10": 0.8831745958784475,
      "success@10": 1.0,
      "recall@20": 0.7692307692307693,
      "precision@20": 0.5,
      "ndcg@20": 0.8513299290983809,
      "success@20": 1.0,
      "map@10": 0.5975396825396825
    },
    "q012": {
      "n_relevant": 4,
      "n_graded": 18,
      "n_returned": 29,
      "recall@5": 0.25,
      "precision@5": 0.2,
      "ndcg@5": 0.4987610325200541,
      "success@5": 1.0,
      "recall@10": 0.75,
      "precision@10": 0.3,
      "ndcg@10": 0.6980556484599674,
      "success@10": 1.0,
      "recall@20": 1.0,
      "precision@20": 0.2,
      "ndcg@20": 0.683439480864465,
      "success@20": 1.0,
      "map@10": 0.20833333333333331
    },
    "q013": {
      "n_relevant": 4,
      "n_graded": 17,
      "n_returned": 30,
      "recall@5": 0.0,
      "precision@5": 0.0,
      "ndcg@5": 0.37415278232888494,
      "success@5": 0.0,
      "recall@10": 0.25,
      "precision@10": 0.1,
      "ndcg@10": 0.467035951571093,
      "success@10": 1.0,