{
  "version": "v0.1",
  "computed_at": "2026-07-12T13:09:08",
  "queries_count": 50,
  "system_outputs_count": 25,
  "labeled_count": 25,
  "evaluated_count": 25,
  "missing_outputs": [
    "q026",
    "q027",
    "q028",
    "q029",
    "q030",
    "q031",
    "q032",
    "q033",
    "q034",
    "q035",
    "q036",
    "q037",
    "q038",
    "q039",
    "q040",
    "q041",
    "q042",
    "q043",
    "q044",
    "q045",
    "q046",
    "q047",
    "q048",
    "q049",
    "q050"
  ],
  "missing_labels": [],
  "aggregate": {
    "recall@5_mean": 0.0708925296925297,
    "recall@5_median": 0.06666666666666667,
    "recall@5_std": 0.08635960640355587,
    "precision@5_mean": 0.136,
    "precision@5_median": 0.2,
    "precision@5_std": 0.16041612554021287,
    "ndcg@5_mean": 0.3002045620738325,
    "ndcg@5_median": 0.2765732350040718,
    "ndcg@5_std": 0.21973930045242598,
    "success@5_mean": 0.52,
    "success@5_median": 1.0,
    "success@5_std": 0.5099019513592785,
    "recall@10_mean": 0.18242148027411184,
    "recall@10_median": 0.2222222222222222,
    "recall@10_std": 0.14626040231145174,
    "precision@10_mean": 0.18,
    "precision@10_median": 0.1,
    "precision@10_std": 0.1848422751068236,
    "ndcg@10_mean": 0.3618015019964063,
    "ndcg@10_median": 0.3315240786354002,
    "ndcg@10_std": 0.2065393445691923,
    "success@10_mean": 0.76,
    "success@10_median": 1.0,
    "success@10_std": 0.43588989435406733,
    "recall@20_mean": 0.5090513533250375,
    "recall@20_median": 0.5,
    "recall@20_std": 0.22867622507117388,
    "precision@20_mean": 0.228,
    "precision@20_median": 0.2,
    "precision@20_std": 0.1942292459955503,
    "ndcg@20_mean": 0.48585421429486303,
    "ndcg@20_median": 0.4802324813670361,
    "ndcg@20_std": 0.174648618085806,
    "success@20_mean": 0.92,
    "success@20_median": 1.0,
    "success@20_std": 0.27688746209726917,
    "map@10_mean": 0.08873668430335097,
    "map@10_median": 0.034567901234567905,
    "map@10_std": 0.11861310971525338,
    "n_queries": 25,
    "n_with_relevant": 25
  },
  "per_query": {
    "q001": {
      "n_relevant": 2,
      "n_graded": 10,
      "n_returned": 30,
      "recall@5": 0.0,
      "precision@5": 0.0,
      "ndcg@5": 0.21836974929469322,
      "success@5": 0.0,
      "recall@10": 0.0,
      "precision@10": 0.0,
      "ndcg@10": 0.2707385241236823,
      "success@10": 0.0,
      "recall@20": 0.5,
      "precision@20": 0.05,
      "ndcg@20": 0.3891901404926656,
      "success@20": 1.0,
      "map@10": 0.0
    },
    "q002": {
      "n_relevant": 3,
      "n_graded": 11,
      "n_returned": 30,
      "recall@5": 0.0,
      "precision@5": 0.0,
      "ndcg@5": 0.12421371338458446,
      "success@5": 0.0,
      "recall@10": 0.0,
      "precision@10": 0.0,
      "ndcg@10": 0.14179281999872714,
      "success@10": 0.0,
      "recall@20": 0.0,
      "precision@20": 0.0,
      "ndcg@20": 0.2422207531894563,
      "success@20": 0.0,
      "map@10": 0.0
    },
    "q003": {
      "n_relevant": 2,
      "n_graded": 12,
      "n_returned": 29,
      "recall@5": 0.0,
      "precision@5": 0.0,
      "ndcg@5": 0.10918487464734661,
      "success@5": 0.0,
      "recall@10": 0.0,
      "precision@10": 0.0,
      "ndcg@10": 0.18371776387613298,
      "success@10": 0.0,
      "recall@20": 0.0,
      "precision@20": 0.0,
      "ndcg@20": 0.2799693803711822,
      "success@20": 0.0,
      "map@10": 0.0
    },
    "q004": {
      "n_relevant": 3,
      "n_graded": 12,
      "n_returned": 30,
      "recall@5": 0.0,
      "precision@5": 0.0,
      "ndcg@5": 0.09843703889494596,
      "success@5": 0.0,
      "recall@10": 0.0,
      "precision@10": 0.0,
      "ndcg@10": 0.11822100770287787,
      "success@10": 0.0,
      "recall@20": 0.6666666666666666,
      "precision@20": 0.1,
      "ndcg@20": 0.3549048521839096,
      "success@20": 1.0,
      "map@10": 0.0
    },
    "q005": {
      "n_relevant": 8,
      "n_graded": 11,
      "n_returned": 30,
      "recall@5": 0.0,
      "precision@5": 0.0,
      "ndcg@5": 0.0,
      "success@5": 0.0,
      "recall@10": 0.0,
      "precision@10": 0.0,
      "ndcg@10": 0.0,
      "success@10": 0.0,
      "recall@20": 0.25,
      "precision@20": 0.1,
      "ndcg@20": 0.10738205612540867,
      "success@20": 1.0,
      "map@10": 0.0
    },
    "q006": {
      "n_relevant": 9,
      "n_graded": 15,
      "n_returned": 30,
      "recall@5": 0.1111111111111111,
      "precision@5": 0.2,
      "ndcg@5": 0.3156484524795145,
      "success@5": 1.0,
      "recall@10": 0.1111111111111111,
      "precision@10": 0.1,
      "ndcg@10": 0.24441972954043525,
      "success@10": 1.0,
      "recall@20": 0.4444444444444444,
      "precision@20": 0.2,
      "ndcg@20": 0.4053817877574598,
      "success@20": 1.0,
      "map@10": 0.027777777777777776
    },
    "q007": {
      "n_relevant": 25,
      "n_graded": 30,
      "n_returned": 30,
      "recall@5": 0.08,
      "precision@5": 0.4,
      "ndcg@5": 0.6386367136775242,
      "success@5": 1.0,
      "recall@10": 0.28,
      "precision@10": 0.7,
      "ndcg@10": 0.7654999533396626,
      "success@10": 1.0,
      "recall@20": 0.68,
      "precision@20": 0.85,
      "ndcg@20": 0.8486613266730852,
      "success@20": 1.0,
      "map@10": 0.37130952380952376
    },
    "q008": {
      "n_relevant": 9,
      "n_graded": 25,
      "n_returned": 30,
      "recall@5": 0.0,
      "precision@5": 0.0,
      "ndcg@5": 0.34960740992542505,
      "success@5": 0.0,
      "recall@10": 0.2222222222222222,
      "precision@10": 0.2,
      "ndcg@10": 0.44684160192006966,
      "success@10": 1.0,
      "recall@20": 0.3333333333333333,
      "precision@20": 0.15,
      "ndcg@20": 0.5695456961763028,
      "success@20": 1.0,
      "map@10": 0.034567901234567905
    },
    "q009": {
      "n_relevant": 10,
      "n_graded": 21,
      "n_returned": 30,
      "recall@5": 0.0,
      "precision@5": 0.0,
      "ndcg@5": 0.2765732350040718,
      "success@5": 0.0,
      "recall@10": 0.3,
      "precision@10": 0.3,
      "ndcg@10": 0.4244323467675135,
      "success@10": 1.0,
      "recall@20": 0.6,
      "precision@20": 0.3,
      "ndcg@20": 0.5656154988934002,
      "success@20": 1.0,
      "map@10": 0.06888888888888889
    },
    "q010": {
      "n_relevant": 12,
      "n_graded": 22,
      "n_returned": 30,
      "recall@5": 0.08333333333333333,
      "precision@5": 0.2,
      "ndcg@5": 0.30078518014914984,
      "success@5": 1.0,
      "recall@10": 0.08333333333333333,
      "precision@10": 0.1,
      "ndcg@10": 0.3315240786354002,
      "success@10": 1.0,
      "recall@20": 0.4166666666666667,
      "precision@20": 0.25,
      "ndcg@20": 0.47467847880461295,
      "success@20": 1.0,
      "map@10": 0.02
    },
    "q011": {
      "n_relevant": 13,
      "n_graded": 26,
      "n_returned": 30,
      "recall@5": 0.23076923076923078,
      "precision@5": 0.6,
      "ndcg@5": 0.8613632863224759,
      "success@5": 1.0,
      "recall@10": 0.38461538461538464,
      "precision@10": 0.5,
      "ndcg@10": 0.7682767908411047,
      "success@10": 1.0,
      "recall@20": 0.6153846153846154,
      "precision@20": 0.4,
      "ndcg@20": 0.7650358734430133,
      "success@20": 1.0,
      "map@10": 0.40714285714285714
    },
    "q012": {
      "n_relevant": 4,
      "n_graded": 18,
      "n_returned": 29,
      "recall@5": 0.0,
      "precision@5": 0.0,
      "ndcg@5": 0.18148604814387062,
      "success@5": 0.0,
      "recall@10": 0.25,
      "precision@10": 0.1,
      "ndcg@10": 0.3291040414586568,
      "success@10": 1.0,
      "recall@20": 0.75,
      "precision@20": 0.15,
      "ndcg@20": 0.4462665991937345,
      "success@20": 1.0,
      "map@10": 0.03571428571428571
    },
    "q013": {
      "n_relevant": 4,
      "n_graded": 17,
      "n_returned": 30,
      "recall@5": 0.25,
      "precision@5": 0.2,
      "ndcg@5": 0.5476854311181708,
      "success@5": 1.0,
      "recall@10": 0.25,
      "precision@10": 0.1,
      "ndcg@10": 0.5140127718120766,