{
  "version": "v0.1",
  "computed_at": "2026-07-06T11:09:57",
  "queries_count": 1,
  "system_outputs_count": 4,
  "labeled_count": 1,
  "evaluated_count": 1,
  "missing_outputs": [],
  "missing_labels": [],
  "aggregate": {
    "recall@5_mean": 1.0,
    "recall@5_median": 1.0,
    "recall@5_std": 0.0,
    "precision@5_mean": 0.4,
    "precision@5_median": 0.4,
    "precision@5_std": 0.0,
    "ndcg@5_mean": 0.9003134755042497,
    "ndcg@5_median": 0.9003134755042497,
    "ndcg@5_std": 0.0,
    "success@5_mean": 1.0,
    "success@5_median": 1.0,
    "success@5_std": 0.0,
    "recall@10_mean": 1.0,
    "recall@10_median": 1.0,
    "recall@10_std": 0.0,
    "precision@10_mean": 0.2,
    "precision@10_median": 0.2,
    "precision@10_std": 0.0,
    "ndcg@10_mean": 0.9003134755042497,
    "ndcg@10_median": 0.9003134755042497,
    "ndcg@10_std": 0.0,
    "success@10_mean": 1.0,
    "success@10_median": 1.0,
    "success@10_std": 0.0,
    "recall@20_mean": 1.0,
    "recall@20_median": 1.0,
    "recall@20_std": 0.0,
    "precision@20_mean": 0.1,
    "precision@20_median": 0.1,
    "precision@20_std": 0.0,
    "ndcg@20_mean": 0.9003134755042497,
    "ndcg@20_median": 0.9003134755042497,
    "ndcg@20_std": 0.0,
    "success@20_mean": 1.0,
    "success@20_median": 1.0,
    "success@20_std": 0.0,
    "map@10_mean": 0.8333333333333333,
    "map@10_median": 0.8333333333333333,
    "map@10_std": 0.0,
    "n_queries": 1,
    "n_with_relevant": 1
  },
  "per_query": {
    "demo_q001": {
      "n_relevant": 2,
      "n_graded": 3,
      "n_returned": 5,
      "recall@5": 1.0,
      "precision@5": 0.4,
      "ndcg@5": 0.9003134755042497,
      "success@5": 1.0,
      "recall@10": 1.0,
      "precision@10": 0.2,
      "ndcg@10": 0.9003134755042497,
      "success@10": 1.0,
      "recall@20": 1.0,
      "precision@20": 0.1,
      "ndcg@20": 0.9003134755042497,
      "success@20": 1.0,
      "map@10": 0.8333333333333333
    }
  }
}